ID,Coupon Code,Offer,Start Date,End Date,Description,Created
6318,aaa1,Eyewa Affiliates Program (2),2025-02-04,2027-12-31,View,01/10/2025 21:58:48 +04
8376,b44b,Eyewa Affiliates Program (2),2025-02-04,2027-12-31,View,01/10/2025 22:12:46 +04
8377,b4b,Eyewa Affiliates Program (2),2025-02-04,2027-12-31,View,01/10/2025 22:12:46 +04
8527,cc1,Eyewa Affiliates Program (2),2025-02-04,2027-12-31,View,01/10/2025 22:13:56 +04
8529,ccc,Eyewa Affiliates Program (2),2025-02-04,2027-12-31,View,01/10/2025 22:13:56 +04
8562,codk,Eyewa Affiliates Program (2),2025-02-04,2027-12-31,View,01/10/2025 22:14:13 +04
8703,d100,Eyewa Affiliates Program (2),2023-09-25,2027-12-31,View,01/10/2025 22:15:12 +04
8704,d11,Eyewa Affiliates Program (2),2023-09-25,2027-12-31,View,01/10/2025 22:15:13 +04
8705,D12,Eyewa Affiliates Program (2),2025-04-28,2026-12-31,View,01/10/2025 22:15:14 +04
8706,d13,Eyewa Affiliates Program (2),2023-09-25,2027-12-31,View,01/10/2025 22:15:14 +04
8707,d14,Eyewa Affiliates Program (2),2023-09-25,2027-12-31,View,01/10/2025 22:15:14 +04
8708,d15,Eyewa Affiliates Program (2),2023-09-25,2027-12-31,View,01/10/2025 22:15:15 +04
8709,d16,Eyewa Affiliates Program (2),2023-09-25,2027-12-31,View,01/10/2025 22:15:15 +04
8710,d17,Eyewa Affiliates Program (2),2023-09-25,2027-12-31,View,01/10/2025 22:15:16 +04
8711,d18,Eyewa Affiliates Program (2),2025-02-04,2027-12-31,View,01/10/2025 22:15:16 +04
8712,d19,Eyewa Affiliates Program (2),2023-09-25,2027-12-31,View,01/10/2025 22:15:16 +04
8713,d20,Eyewa Affiliates Program (2),2023-09-25,2027-12-31,View,01/10/2025 22:15:17 +04
8714,d21,Eyewa Affiliates Program (2),2023-09-25,2027-12-31,View,01/10/2025 22:15:18 +04
8715,d22,Eyewa Affiliates Program (2),2023-09-25,2027-12-31,View,01/10/2025 22:15:18 +04
8716,d23,Eyewa Affiliates Program (2),2023-09-25,2027-12-31,View,01/10/2025 22:15:18 +04
8717,d24,Eyewa Affiliates Program (2),2023-09-25,2027-12-31,View,01/10/2025 22:15:19 +04
8718,d25,Eyewa Affiliates Program (2),2023-09-25,2027-12-31,View,01/10/2025 22:15:19 +04
8719,d26,Eyewa Affiliates Program (2),2023-09-25,2027-12-31,View,01/10/2025 22:15:20 +04
8720,d27,Eyewa Affiliates Program (2),2023-09-25,2027-12-31,View,01/10/2025 22:15:20 +04
8721,d28,Eyewa Affiliates Program (2),2023-09-25,2027-12-31,View,01/10/2025 22:15:20 +04
8722,d29,Eyewa Affiliates Program (2),2023-09-25,2027-12-31,View,01/10/2025 22:15:21 +04
8723,d30,Eyewa Affiliates Program (2),2023-09-25,2027-12-31,View,01/10/2025 22:15:22 +04
8724,d31,Eyewa Affiliates Program (2),2023-09-25,2027-12-31,View,01/10/2025 22:15:22 +04
8725,d32,Eyewa Affiliates Program (2),2023-09-25,2027-12-31,View,01/10/2025 22:15:22 +04
8726,d33,Eyewa Affiliates Program (2),2023-09-25,2027-12-31,View,01/10/2025 22:15:23 +04
8727,d34,Eyewa Affiliates Program (2),2023-09-25,2027-12-31,View,01/10/2025 22:15:23 +04
8728,d35,Eyewa Affiliates Program (2),2023-09-25,2027-12-31,View,01/10/2025 22:15:24 +04
8729,d36,Eyewa Affiliates Program (2),2023-09-25,2027-12-31,View,01/10/2025 22:15:24 +04
8730,d37,Eyewa Affiliates Program (2),2023-09-25,2027-12-31,View,01/10/2025 22:15:24 +04
8731,d38,Eyewa Affiliates Program (2),2023-09-25,2027-12-31,View,01/10/2025 22:15:25 +04
8732,d39,Eyewa Affiliates Program (2),2023-09-25,2027-12-31,View,01/10/2025 22:15:25 +04
8733,d40,Eyewa Affiliates Program (2),2023-09-25,2027-12-31,View,01/10/2025 22:15:26 +04
8734,d41,Eyewa Affiliates Program (2),2023-09-25,2027-12-31,View,01/10/2025 22:15:27 +04
8735,d42,Eyewa Affiliates Program (2),2023-09-25,2027-12-31,View,01/10/2025 22:15:27 +04
8736,d43,Eyewa Affiliates Program (2),2023-09-25,2027-12-31,View,01/10/2025 22:15:27 +04
8737,d44,Eyewa Affiliates Program (2),2023-09-25,2027-12-31,View,01/10/2025 22:15:28 +04
8738,d45,Eyewa Affiliates Program (2),2023-09-25,2027-12-31,View,01/10/2025 22:15:28 +04
8739,d46,Eyewa Affiliates Program (2),2023-09-25,2027-12-31,View,01/10/2025 22:15:29 +04
8740,d47,Eyewa Affiliates Program (2),2023-09-25,2027-12-31,View,01/10/2025 22:15:29 +04
8741,d48,Eyewa Affiliates Program (2),2023-09-25,2027-12-31,View,01/10/2025 22:15:29 +04
8742,d49,Eyewa Affiliates Program (2),2023-09-25,2027-12-31,View,01/10/2025 22:15:30 +04
8743,d50,Eyewa Affiliates Program (2),2023-09-25,2027-12-31,View,01/10/2025 22:15:31 +04
8744,d51,Eyewa Affiliates Program (2),2023-09-25,2027-12-31,View,01/10/2025 22:15:31 +04
8745,d52,Eyewa Affiliates Program (2),2023-09-25,2027-12-31,View,01/10/2025 22:15:31 +04
8746,d53,Eyewa Affiliates Program (2),2023-09-25,2027-12-31,View,01/10/2025 22:15:32 +04
8747,d54,Eyewa Affiliates Program (2),2023-09-25,2027-12-31,View,01/10/2025 22:15:32 +04
8748,d55,Eyewa Affiliates Program (2),2023-09-25,2027-12-31,View,01/10/2025 22:15:33 +04
8749,d56,Eyewa Affiliates Program (2),2023-09-25,2027-12-31,View,01/10/2025 22:15:33 +04
8750,d57,Eyewa Affiliates Program (2),2023-09-25,2027-12-31,View,01/10/2025 22:15:33 +04
8751,d58,Eyewa Affiliates Program (2),2023-09-25,2027-12-31,View,01/10/2025 22:15:34 +04
8752,d59,Eyewa Affiliates Program (2),2023-09-25,2027-12-31,View,01/10/2025 22:15:34 +04
8753,d60,Eyewa Affiliates Program (2),2023-09-25,2027-12-31,View,01/10/2025 22:15:35 +04
8754,d61,Eyewa Affiliates Program (2),2023-09-25,2027-12-31,View,01/10/2025 22:15:35 +04
8755,d62,Eyewa Affiliates Program (2),2023-09-25,2027-12-31,View,01/10/2025 22:15:36 +04
8756,d63,Eyewa Affiliates Program (2),2023-09-25,2027-12-31,View,01/10/2025 22:15:36 +04
8757,d64,Eyewa Affiliates Program (2),2023-09-25,2027-12-31,View,01/10/2025 22:15:37 +04
8758,d65,Eyewa Affiliates Program (2),2023-09-25,2027-12-31,View,01/10/2025 22:15:37 +04
8759,d66,Eyewa Affiliates Program (2),2023-09-25,2027-12-31,View,01/10/2025 22:15:37 +04
8760,d67,Eyewa Affiliates Program (2),2023-09-25,2027-12-31,View,01/10/2025 22:15:38 +04
8761,d68,Eyewa Affiliates Program (2),2023-09-25,2027-12-31,View,01/10/2025 22:15:38 +04
8762,d69,Eyewa Affiliates Program (2),2023-09-25,2027-12-31,View,01/10/2025 22:15:38 +04
8763,d70,Eyewa Affiliates Program (2),2023-09-25,2027-12-31,View,01/10/2025 22:15:39 +04
8764,d71,Eyewa Affiliates Program (2),2023-09-25,2027-12-31,View,01/10/2025 22:15:40 +04
8765,d72,Eyewa Affiliates Program (2),2023-09-25,2027-12-31,View,01/10/2025 22:15:40 +04
8766,d73,Eyewa Affiliates Program (2),2023-09-25,2027-12-31,View,01/10/2025 22:15:40 +04
8767,d74,Eyewa Affiliates Program (2),2023-09-25,2027-12-31,View,01/10/2025 22:15:41 +04
8768,d75,Eyewa Affiliates Program (2),2023-09-25,2027-12-31,View,01/10/2025 22:15:41 +04
8769,d76,Eyewa Affiliates Program (2),2023-09-25,2027-12-31,View,01/10/2025 22:15:42 +04
8770,d77,Eyewa Affiliates Program (2),2023-09-25,2027-12-31,View,01/10/2025 22:15:42 +04
8771,D78,Eyewa Affiliates Program (2),2025-04-28,2026-12-31,View,01/10/2025 22:15:42 +04
8772,d79,Eyewa Affiliates Program (2),2023-09-25,2027-12-31,View,01/10/2025 22:15:43 +04
8773,d80,Eyewa Affiliates Program (2),2023-09-25,2027-12-31,View,01/10/2025 22:15:43 +04
8774,d81,Eyewa Affiliates Program (2),2023-09-25,2027-12-31,View,01/10/2025 22:15:44 +04
8775,d82,Eyewa Affiliates Program (2),2023-09-25,2027-12-31,View,01/10/2025 22:15:44 +04
8776,d83,Eyewa Affiliates Program (2),2023-09-25,2027-12-31,View,01/10/2025 22:15:45 +04
8777,d84,Eyewa Affiliates Program (2),2023-09-25,2027-12-31,View,01/10/2025 22:15:45 +04
8778,d85,Eyewa Affiliates Program (2),2023-09-25,2027-12-31,View,01/10/2025 22:15:45 +04
8779,d86,Eyewa Affiliates Program (2),2023-09-25,2027-12-31,View,01/10/2025 22:15:46 +04
8780,d87,Eyewa Affiliates Program (2),2023-09-25,2027-12-31,View,01/10/2025 22:15:46 +04
8781,d88,Eyewa Affiliates Program (2),2023-09-25,2027-12-31,View,01/10/2025 22:15:47 +04
8782,d89,Eyewa Affiliates Program (2),2023-09-25,2027-12-31,View,01/10/2025 22:15:47 +04
8783,d90,Eyewa Affiliates Program (2),2023-09-25,2027-12-31,View,01/10/2025 22:15:48 +04
8784,d91,Eyewa Affiliates Program (2),2023-09-25,2027-12-31,View,01/10/2025 22:15:48 +04
8785,d92,Eyewa Affiliates Program (2),2023-09-25,2027-12-31,View,01/10/2025 22:15:49 +04
8786,d93,Eyewa Affiliates Program (2),2023-09-25,2027-12-31,View,01/10/2025 22:15:49 +04
8787,d94,Eyewa Affiliates Program (2),2023-09-25,2027-12-31,View,01/10/2025 22:15:49 +04
8788,d95,Eyewa Affiliates Program (2),2023-09-25,2027-12-31,View,01/10/2025 22:15:50 +04
8789,d96,Eyewa Affiliates Program (2),2023-09-25,2027-12-31,View,01/10/2025 22:15:50 +04
8790,d97,Eyewa Affiliates Program (2),2023-09-25,2027-12-31,View,01/10/2025 22:15:51 +04
8791,d98,Eyewa Affiliates Program (2),2023-09-25,2027-12-31,View,01/10/2025 22:15:51 +04
8792,d99,Eyewa Affiliates Program (2),2023-09-25,2027-12-31,View,01/10/2025 22:15:52 +04
8793,da011,Eyewa Affiliates Program (2),2025-02-04,2027-12-31,View,01/10/2025 22:15:52 +04
8794,da013,Eyewa Affiliates Program (2),2025-02-04,2027-12-31,View,01/10/2025 22:15:53 +04
8795,da014,Eyewa Affiliates Program (2),2025-02-04,2027-12-31,View,01/10/2025 22:15:53 +04
8796,da054,Eyewa Affiliates Program (2),2025-02-04,2027-12-31,View,01/10/2025 22:15:54 +04
8797,da061,Eyewa Affiliates Program (2),2025-02-04,2027-12-31,View,01/10/2025 22:15:54 +04
8798,da078,Eyewa Affiliates Program (2),2025-02-04,2027-12-31,View,01/10/2025 22:15:54 +04
8799,da099,Eyewa Affiliates Program (2),2025-02-04,2027-12-31,View,01/10/2025 22:15:55 +04
8800,da104,Eyewa Affiliates Program (2),2025-02-04,2027-12-31,View,01/10/2025 22:15:55 +04
8801,da115,Eyewa Affiliates Program (2),2025-02-04,2027-12-31,View,01/10/2025 22:15:56 +04
8802,da119,Eyewa Affiliates Program (2),2025-02-04,2027-12-31,View,01/10/2025 22:15:56 +04
8804,da137,Eyewa Affiliates Program (2),2025-02-04,2027-12-31,View,01/10/2025 22:15:57 +04
8805,da146,Eyewa Affiliates Program (2),2025-02-04,2027-12-31,View,01/10/2025 22:15:57 +04
8806,da157,Eyewa Affiliates Program (2),2025-02-04,2027-12-31,View,01/10/2025 22:15:58 +04
8807,da159,Eyewa Affiliates Program (2),2025-02-04,2027-12-31,View,01/10/2025 22:15:58 +04
8808,da189,Eyewa Affiliates Program (2),2025-02-04,2027-12-31,View,01/10/2025 22:15:58 +04
8809,da193,Eyewa Affiliates Program (2),2025-02-04,2027-12-31,View,01/10/2025 22:15:59 +04
8810,da210,Eyewa Affiliates Program (2),2025-02-04,2027-12-31,View,01/10/2025 22:15:59 +04
8811,da215,Eyewa Affiliates Program (2),2025-02-04,2027-12-31,View,01/10/2025 22:16:00 +04
8812,da227,Eyewa Affiliates Program (2),2025-02-04,2027-12-31,View,01/10/2025 22:16:00 +04
8813,da232,Eyewa Affiliates Program (2),2025-02-04,2027-12-31,View,01/10/2025 22:16:00 +04
8814,da233,Eyewa Affiliates Program (2),2025-02-04,2027-12-31,View,01/10/2025 22:16:01 +04
8815,da257,Eyewa Affiliates Program (2),2025-02-04,2027-12-31,View,01/10/2025 22:16:01 +04
8816,da273,Eyewa Affiliates Program (2),2025-02-04,2027-12-31,View,01/10/2025 22:16:02 +04
8817,da287,Eyewa Affiliates Program (2),2025-02-04,2027-12-31,View,01/10/2025 22:16:02 +04
8818,da288,Eyewa Affiliates Program (2),2025-02-04,2027-12-31,View,01/10/2025 22:16:03 +04
8819,da300,Eyewa Affiliates Program (2),2025-02-04,2027-12-31,View,01/10/2025 22:16:03 +04
8820,da345,Eyewa Affiliates Program (2),2025-02-04,2027-12-31,View,01/10/2025 22:16:03 +04
8821,da349,Eyewa Affiliates Program (2),2025-02-04,2027-12-31,View,01/10/2025 22:16:04 +04
8822,da351,Eyewa Affiliates Program (2),2025-02-04,2027-12-31,View,01/10/2025 22:16:04 +04
8823,da361,Eyewa Affiliates Program (2),2025-02-04,2027-12-31,View,01/10/2025 22:16:05 +04
8824,da369,Eyewa Affiliates Program (2),2025-02-04,2027-12-31,View,01/10/2025 22:16:05 +04
8825,da372,Eyewa Affiliates Program (2),2025-02-04,2027-12-31,View,01/10/2025 22:16:06 +04
8826,da375,Eyewa Affiliates Program (2),2025-02-04,2027-12-31,View,01/10/2025 22:16:06 +04
8827,da402,Eyewa Affiliates Program (2),2025-02-04,2027-12-31,View,01/10/2025 22:16:06 +04
8828,da416,Eyewa Affiliates Program (2),2025-02-04,2027-12-31,View,01/10/2025 22:16:07 +04
8829,da431,Eyewa Affiliates Program (2),2025-02-04,2027-12-31,View,01/10/2025 22:16:07 +04
8830,da433,Eyewa Affiliates Program (2),2025-02-04,2027-12-31,View,01/10/2025 22:16:08 +04
8831,da449,Eyewa Affiliates Program (2),2025-02-04,2027-12-31,View,01/10/2025 22:16:08 +04
8832,da457,Eyewa Affiliates Program (2),2025-02-04,2027-12-31,View,01/10/2025 22:16:08 +04
8833,da468,Eyewa Affiliates Program (2),2025-02-04,2027-12-31,View,01/10/2025 22:16:09 +04
8834,da474,Eyewa Affiliates Program (2),2025-02-04,2027-12-31,View,01/10/2025 22:16:09 +04
8835,da478,Eyewa Affiliates Program (2),2025-02-04,2027-12-31,View,01/10/2025 22:16:10 +04
8836,da482,Eyewa Affiliates Program (2),2025-02-04,2027-12-31,View,01/10/2025 22:16:10 +04
8837,da484,Eyewa Affiliates Program (2),2025-02-04,2027-12-31,View,01/10/2025 22:16:10 +04
8838,da485,Eyewa Affiliates Program (2),2025-02-04,2027-12-31,View,01/10/2025 22:16:11 +04
8839,da496,Eyewa Affiliates Program (2),2025-02-04,2027-12-31,View,01/10/2025 22:16:11 +04
8840,da508,Eyewa Affiliates Program (2),2025-02-04,2027-12-31,View,01/10/2025 22:16:12 +04
8841,da509,Eyewa Affiliates Program (2),2025-02-04,2027-12-31,View,01/10/2025 22:16:12 +04
8842,da519,Eyewa Affiliates Program (2),2025-02-04,2027-12-31,View,01/10/2025 22:16:12 +04
8843,da538,Eyewa Affiliates Program (2),2025-02-04,2027-12-31,View,01/10/2025 22:16:13 +04
8844,da545,Eyewa Affiliates Program (2),2025-02-04,2027-12-31,View,01/10/2025 22:16:13 +04
8845,da567,Eyewa Affiliates Program (2),2025-02-04,2027-12-31,View,01/10/2025 22:16:14 +04
8846,da569,Eyewa Affiliates Program (2),2025-02-04,2027-12-31,View,01/10/2025 22:16:14 +04
8847,da578,Eyewa Affiliates Program (2),2025-02-04,2027-12-31,View,01/10/2025 22:16:15 +04
8848,da579,Eyewa Affiliates Program (2),2025-02-04,2027-12-31,View,01/10/2025 22:16:15 +04
8849,da581,Eyewa Affiliates Program (2),2025-02-04,2027-12-31,View,01/10/2025 22:16:15 +04
8850,da594,Eyewa Affiliates Program (2),2025-02-04,2027-12-31,View,01/10/2025 22:16:16 +04
8851,da600,Eyewa Affiliates Program (2),2025-02-04,2027-12-31,View,01/10/2025 22:16:16 +04
8852,da607,Eyewa Affiliates Program (2),2025-02-04,2027-12-31,View,01/10/2025 22:16:16 +04
8853,da621,Eyewa Affiliates Program (2),2025-02-04,2027-12-31,View,01/10/2025 22:16:17 +04
8854,da622,Eyewa Affiliates Program (2),2025-02-04,2027-12-31,View,01/10/2025 22:16:17 +04
8855,da627,Eyewa Affiliates Program (2),2025-02-04,2027-12-31,View,01/10/2025 22:16:18 +04
8856,da631,Eyewa Affiliates Program (2),2025-02-04,2027-12-31,View,01/10/2025 22:16:18 +04
8857,da654,Eyewa Affiliates Program (2),2025-02-04,2027-12-31,View,01/10/2025 22:16:18 +04
8858,da667,Eyewa Affiliates Program (2),2025-02-04,2027-12-31,View,01/10/2025 22:16:19 +04
8859,da677,Eyewa Affiliates Program (2),2025-02-04,2027-12-31,View,01/10/2025 22:16:19 +04
8860,da683,Eyewa Affiliates Program (2),2025-02-04,2027-12-31,View,01/10/2025 22:16:20 +04
8861,da688,Eyewa Affiliates Program (2),2025-02-04,2027-12-31,View,01/10/2025 22:16:20 +04
8862,da690,Eyewa Affiliates Program (2),2025-02-04,2027-12-31,View,01/10/2025 22:16:21 +04
8863,da704,Eyewa Affiliates Program (2),2025-02-04,2027-12-31,View,01/10/2025 22:16:21 +04
8864,da706,Eyewa Affiliates Program (2),2025-02-04,2027-12-31,View,01/10/2025 22:16:22 +04
8865,da715,Eyewa Affiliates Program (2),2025-02-04,2027-12-31,View,01/10/2025 22:16:22 +04
8866,da724,Eyewa Affiliates Program (2),2025-02-04,2027-12-31,View,01/10/2025 22:16:22 +04
8867,da730,Eyewa Affiliates Program (2),2025-02-04,2027-12-31,View,01/10/2025 22:16:23 +04
8868,da745,Eyewa Affiliates Program (2),2025-02-04,2027-12-31,View,01/10/2025 22:16:23 +04
8869,da750,Eyewa Affiliates Program (2),2025-02-04,2027-12-31,View,01/10/2025 22:16:24 +04
8870,da758,Eyewa Affiliates Program (2),2025-02-04,2027-12-31,View,01/10/2025 22:16:24 +04
8871,da771,Eyewa Affiliates Program (2),2025-02-04,2027-12-31,View,01/10/2025 22:16:25 +04
8872,da783,Eyewa Affiliates Program (2),2025-02-04,2027-12-31,View,01/10/2025 22:16:25 +04
8873,da805,Eyewa Affiliates Program (2),2025-02-04,2027-12-31,View,01/10/2025 22:16:25 +04
8874,da806,Eyewa Affiliates Program (2),2025-02-04,2027-12-31,View,01/10/2025 22:16:26 +04
8875,da809,Eyewa Affiliates Program (2),2025-02-04,2027-12-31,View,01/10/2025 22:16:26 +04
8876,da811,Eyewa Affiliates Program (2),2025-02-04,2027-12-31,View,01/10/2025 22:16:27 +04
8877,da818,Eyewa Affiliates Program (2),2025-02-04,2027-12-31,View,01/10/2025 22:16:27 +04
8878,da836,Eyewa Affiliates Program (2),2025-02-04,2027-12-31,View,01/10/2025 22:16:27 +04
8879,da838,Eyewa Affiliates Program (2),2025-02-04,2027-12-31,View,01/10/2025 22:16:28 +04
8880,da863,Eyewa Affiliates Program (2),2025-02-04,2027-12-31,View,01/10/2025 22:16:28 +04
8881,da872,Eyewa Affiliates Program (2),2025-02-04,2027-12-31,View,01/10/2025 22:16:29 +04
8882,da883,Eyewa Affiliates Program (2),2025-02-04,2027-12-31,View,01/10/2025 22:16:29 +04
8883,da896,Eyewa Affiliates Program (2),2025-02-04,2027-12-31,View,01/10/2025 22:16:29 +04
8884,da916,Eyewa Affiliates Program (2),2025-02-04,2027-12-31,View,01/10/2025 22:16:30 +04
8885,da940,Eyewa Affiliates Program (2),2025-02-04,2027-12-31,View,01/10/2025 22:16:30 +04
8886,da953,Eyewa Affiliates Program (2),2025-02-04,2027-12-31,View,01/10/2025 22:16:31 +04
8887,da965,Eyewa Affiliates Program (2),2025-02-04,2027-12-31,View,01/10/2025 22:16:31 +04
8888,da966,Eyewa Affiliates Program (2),2025-02-04,2027-12-31,View,01/10/2025 22:16:31 +04
8889,da971,Eyewa Affiliates Program (2),2025-02-04,2027-12-31,View,01/10/2025 22:16:32 +04
8890,da993,Eyewa Affiliates Program (2),2025-02-04,2027-12-31,View,01/10/2025 22:16:32 +04
8891,da994,Eyewa Affiliates Program (2),2025-02-04,2027-12-31,View,01/10/2025 22:16:33 +04
8892,da998,Eyewa Affiliates Program (2),2025-02-04,2027-12-31,View,01/10/2025 22:16:33 +04
8893,da999,Eyewa Affiliates Program (2),2025-02-04,2027-12-31,View,01/10/2025 22:16:34 +04
8910,dd1,Eyewa Affiliates Program (2),2025-02-04,2027-12-31,View,01/10/2025 22:16:42 +04
8920,DH25,Eyewa Affiliates Program (2),2023-03-24,2025-12-31,View,01/10/2025 22:16:48 +04
8943,DORGANIZE,Eyewa Affiliates Program (2),1900-01-01,2027-12-31,View,01/10/2025 22:16:59 +04
8961,dz003,Eyewa Affiliates Program (2),2025-02-04,2027-12-31,View,01/10/2025 22:17:08 +04
8962,dz004,Eyewa Affiliates Program (2),2025-02-04,2027-12-31,View,01/10/2025 22:17:09 +04
8963,dz039,Eyewa Affiliates Program (2),2025-02-04,2027-12-31,View,01/10/2025 22:17:09 +04
8964,dz100,Eyewa Affiliates Program (2),2025-02-04,2027-12-31,View,01/10/2025 22:17:10 +04
8965,dz133,Eyewa Affiliates Program (2),2025-02-04,2027-12-31,View,01/10/2025 22:17:10 +04
8966,dz192,Eyewa Affiliates Program (2),2025-02-04,2027-12-31,View,01/10/2025 22:17:11 +04
8967,dz197,Eyewa Affiliates Program (2),2025-02-04,2027-12-31,View,01/10/2025 22:17:11 +04
8968,dz199,Eyewa Affiliates Program (2),2025-02-04,2027-12-31,View,01/10/2025 22:17:11 +04
8969,dz206,Eyewa Affiliates Program (2),2025-02-04,2027-12-31,View,01/10/2025 22:17:12 +04
8970,dz224,Eyewa Affiliates Program (2),2025-02-04,2027-12-31,View,01/10/2025 22:17:12 +04
8971,dz232,Eyewa Affiliates Program (2),2025-02-04,2027-12-31,View,01/10/2025 22:17:13 +04
8972,dz244,Eyewa Affiliates Program (2),2025-02-04,2027-12-31,View,01/10/2025 22:17:13 +04
8973,dz268,Eyewa Affiliates Program (2),2025-02-04,2027-12-31,View,01/10/2025 22:17:13 +04
8974,dz270,Eyewa Affiliates Program (2),2025-02-04,2027-12-31,View,01/10/2025 22:17:14 +04
8975,dz271,Eyewa Affiliates Program (2),2025-02-04,2027-12-31,View,01/10/2025 22:17:14 +04
8976,dz284,Eyewa Affiliates Program (2),2025-02-04,2027-12-31,View,01/10/2025 22:17:15 +04
8977,dz294,Eyewa Affiliates Program (2),2025-02-04,2027-12-31,View,01/10/2025 22:17:15 +04
8978,dz334,Eyewa Affiliates Program (2),2025-02-04,2027-12-31,View,01/10/2025 22:17:15 +04
8979,dz346,Eyewa Affiliates Program (2),2025-02-04,2027-12-31,View,01/10/2025 22:17:16 +04
8980,dz350,Eyewa Affiliates Program (2),2025-02-04,2027-12-31,View,01/10/2025 22:17:16 +04
8981,dz381,Eyewa Affiliates Program (2),2025-02-04,2027-12-31,View,01/10/2025 22:17:17 +04
8982,dz404,Eyewa Affiliates Program (2),2025-02-04,2027-12-31,View,01/10/2025 22:17:17 +04
8983,dz418,Eyewa Affiliates Program (2),2025-02-04,2027-12-31,View,01/10/2025 22:17:17 +04
8984,dz433,Eyewa Affiliates Program (2),2025-02-04,2027-12-31,View,01/10/2025 22:17:18 +04
8985,dz446,Eyewa Affiliates Program (2),2025-02-04,2027-12-31,View,01/10/2025 22:17:18 +04
8986,dz457,Eyewa Affiliates Program (2),2025-02-04,2027-12-31,View,01/10/2025 22:17:19 +04
8987,dz470,Eyewa Affiliates Program (2),2025-02-04,2027-12-31,View,01/10/2025 22:17:19 +04
8988,dz512,Eyewa Affiliates Program (2),2025-02-04,2027-12-31,View,01/10/2025 22:17:19 +04
8989,dz531,Eyewa Affiliates Program (2),2025-02-04,2027-12-31,View,01/10/2025 22:17:20 +04
8990,dz541,Eyewa Affiliates Program (2),2025-02-04,2027-12-31,View,01/10/2025 22:17:20 +04
8991,dz556,Eyewa Affiliates Program (2),2025-02-04,2027-12-31,View,01/10/2025 22:17:21 +04
8992,dz565,Eyewa Affiliates Program (2),2025-02-04,2027-12-31,View,01/10/2025 22:17:21 +04
8993,dz570,Eyewa Affiliates Program (2),2025-02-04,2027-12-31,View,01/10/2025 22:17:21 +04
8994,dz580,Eyewa Affiliates Program (2),2025-02-04,2027-12-31,View,01/10/2025 22:17:22 +04
8995,dz656,Eyewa Affiliates Program (2),2025-02-04,2027-12-31,View,01/10/2025 22:17:22 +04
8996,dz704,Eyewa Affiliates Program (2),2025-02-04,2027-12-31,View,01/10/2025 22:17:23 +04
8997,dz710,Eyewa Affiliates Program (2),2025-02-04,2027-12-31,View,01/10/2025 22:17:23 +04
8998,dz715,Eyewa Affiliates Program (2),2025-02-04,2027-12-31,View,01/10/2025 22:17:24 +04
8999,dz724,Eyewa Affiliates Program (2),2025-02-04,2027-12-31,View,01/10/2025 22:17:24 +04
9000,dz758,Eyewa Affiliates Program (2),2025-02-04,2027-12-31,View,01/10/2025 22:17:25 +04
9001,dz773,Eyewa Affiliates Program (2),2025-02-04,2027-12-31,View,01/10/2025 22:17:25 +04
9002,dz787,Eyewa Affiliates Program (2),2025-02-04,2027-12-31,View,01/10/2025 22:17:25 +04
9003,dz807,Eyewa Affiliates Program (2),2025-02-04,2027-12-31,View,01/10/2025 22:17:26 +04
9004,dz808,Eyewa Affiliates Program (2),2025-02-04,2027-12-31,View,01/10/2025 22:17:26 +04
9005,dz816,Eyewa Affiliates Program (2),2025-02-04,2027-12-31,View,01/10/2025 22:17:27 +04
9006,dz821,Eyewa Affiliates Program (2),2025-02-04,2027-12-31,View,01/10/2025 22:17:27 +04
9007,dz843,Eyewa Affiliates Program (2),2025-02-04,2027-12-31,View,01/10/2025 22:17:27 +04
9008,dz881,Eyewa Affiliates Program (2),2025-02-04,2027-12-31,View,01/10/2025 22:17:28 +04
9009,dz883,Eyewa Affiliates Program (2),2025-02-04,2027-12-31,View,01/10/2025 22:17:28 +04
9010,dz905,Eyewa Affiliates Program (2),2025-02-04,2027-12-31,View,01/10/2025 22:17:28 +04
9011,dz910,Eyewa Affiliates Program (2),2025-02-04,2027-12-31,View,01/10/2025 22:17:29 +04
9012,dz915,Eyewa Affiliates Program (2),2025-02-04,2027-12-31,View,01/10/2025 22:17:29 +04
9013,dz927,Eyewa Affiliates Program (2),2025-02-04,2027-12-31,View,01/10/2025 22:17:30 +04
9014,dz939,Eyewa Affiliates Program (2),2025-02-04,2027-12-31,View,01/10/2025 22:17:30 +04
9015,dz944,Eyewa Affiliates Program (2),2025-02-04,2027-12-31,View,01/10/2025 22:17:31 +04
9016,dz957,Eyewa Affiliates Program (2),2025-02-04,2027-12-31,View,01/10/2025 22:17:31 +04
9017,dz961,Eyewa Affiliates Program (2),2025-02-04,2027-12-31,View,01/10/2025 22:17:31 +04
9018,dz989,Eyewa Affiliates Program (2),2025-02-04,2027-12-31,View,01/10/2025 22:17:32 +04
9019,dz992,Eyewa Affiliates Program (2),2025-02-04,2027-12-31,View,01/10/2025 22:17:32 +04
9020,dz997,Eyewa Affiliates Program (2),2025-02-04,2027-12-31,View,01/10/2025 22:17:33 +04
9248,eid44,Eyewa Affiliates Program (2),2025-02-04,2027-12-31,View,01/10/2025 22:19:12 +04
9619,ga2,Eyewa Affiliates Program (2),1900-01-01,2027-12-31,View,01/10/2025 22:22:03 +04
9620,ga3,Eyewa Affiliates Program (2),2025-02-04,2027-12-31,View,01/10/2025 22:22:04 +04
9621,ga4,Eyewa Affiliates Program (2),2025-02-04,2027-12-31,View,01/10/2025 22:22:04 +04
9622,ga5,Eyewa Affiliates Program (2),2025-02-04,2027-12-31,View,01/10/2025 22:22:05 +04
9624,ga7,Eyewa Affiliates Program (2),2025-02-04,2027-12-31,View,01/10/2025 22:22:06 +04
9625,ga8,Eyewa Affiliates Program (2),2025-02-04,2027-12-31,View,01/10/2025 22:22:06 +04
9626,ga9,Eyewa Affiliates Program (2),2025-02-04,2027-12-31,View,01/10/2025 22:22:06 +04
9634,gd1,Eyewa Affiliates Program (2),2025-02-04,2027-12-31,View,01/10/2025 22:22:10 +04
9635,gd2,Eyewa Affiliates Program (2),2025-02-04,2027-12-31,View,01/10/2025 22:22:10 +04
9636,gd3,Eyewa Affiliates Program (2),2025-02-04,2027-12-31,View,01/10/2025 22:22:11 +04
9637,gd4,Eyewa Affiliates Program (2),2025-02-04,2027-12-31,View,01/10/2025 22:22:11 +04
9638,gd5,Eyewa Affiliates Program (2),2025-02-04,2027-12-31,View,01/10/2025 22:22:11 +04
9804,hh2,Eyewa Affiliates Program (2),2025-02-04,2027-12-31,View,01/10/2025 22:23:25 +04
9973,kho,Eyewa Affiliates Program (2),2024-12-31,2027-12-31,View,01/10/2025 22:24:51 +04
10141,lbna,Eyewa Affiliates Program (2),2024-10-29,2027-12-31,View,01/10/2025 22:26:04 +04
10634,n4n,Eyewa Affiliates Program (2),1900-01-01,2027-12-31,View,01/10/2025 22:29:59 +04
10696,nn1,Eyewa Affiliates Program (2),1900-01-01,2027-12-31,View,01/10/2025 22:30:32 +04
10932,pcgcc,Eyewa Affiliates Program (2),2024-10-29,2027-12-31,View,01/10/2025 22:32:21 +04
11199,rmu,Eyewa Affiliates Program (2),2024-10-31,2027-12-31,View,01/10/2025 22:34:22 +04
11555,ss1,Eyewa Affiliates Program (2),2025-02-04,2027-12-31,View,01/10/2025 22:37:02 +04
11566,ss20,Eyewa Affiliates Program (2),2025-02-04,2027-12-31,View,01/10/2025 22:37:06 +04
11597,ss5,Eyewa Affiliates Program (2),2025-02-04,2027-12-31,View,01/10/2025 22:37:20 +04
11598,ss50,Eyewa Affiliates Program (2),2025-02-04,2027-12-31,View,01/10/2025 22:37:20 +04
11851,U10,Eyewa Affiliates Program (2),2025-02-04,2027-12-31,View,01/10/2025 22:39:30 +04
11852,U11,Eyewa Affiliates Program (2),2025-02-04,2027-12-31,View,01/10/2025 22:39:30 +04
11895,wa1,Eyewa Affiliates Program (2),2025-02-04,2027-12-31,View,01/10/2025 22:40:11 +04
11940,wa5,Eyewa Affiliates Program (2),2025-02-04,2027-12-31,View,01/10/2025 22:40:30 +04
