Offer Name,Offer id,Last Update
Noon Egypt,1282,"Oct 4, 2025"
Riva Fashion,1183,"Oct 4, 2025"
Noon GCC,1166,"Oct 4, 2025"
VogaCloset,910,"Oct 4, 2025"
Namshi,1189,"Oct 4, 2025"
Mumzworld,1192,"Oct 3, 2025"
EZ Hire,1352,"Oct 3, 2025"
Al Matar,1349,"Oct 3, 2025"
ToYou,1186,"Oct 3, 2025"
Deraah,1185,"Oct 3, 2025"
Levelshoes,1159,"Oct 3, 2025"
Dr Nutrition,1334,"Oct 3, 2025"
Mamas&Papas,1107,"Oct 3, 2025"
Bloomingdales,1106,"Oct 3, 2025"
Sun & Sands,1101,"Oct 3, 2025"
6th Street,1325,"Oct 3, 2025"
DailyMeals,1324,"Oct 3, 2025"
"Trendyol ",1264,"Oct 3, 2025"
Farfetch,1276,"Oct 3, 2025"
Eyewa,1204,"Oct 3, 2025"
Styli,1215,"Oct 3, 2025"
AirAlo,1256,"Oct 3, 2025"
Magrabi,1291,"Oct 3, 2025"
MetroBrazil,1277,"Oct 3, 2025"
Adidas,1283,"Oct 3, 2025"
Jeeny Jo,1261,"Oct 2, 2025"
Jeeny Ksa,1260,"Oct 2, 2025"
Noon Gcc Links,1355,"Oct 1, 2025"
Golden Scent,1333,"Oct 1, 2025"
Whites,1345,"Oct 1, 2025"
"New Balance ",1161,"Sep 30, 2025"
Pottery Barn Kids,1250,"Sep 30, 2025"
Al Dakheel Oud,1348,"Sep 30, 2025"
Beluar,1253,"Sep 30, 2025"
Rasees,1163,"Sep 30, 2025"
Mothercare,1146,"Sep 30, 2025"
H&M,1132,"Sep 30, 2025"
Bath & Body Works,1130,"Sep 30, 2025"
WestELM,1131,"Sep 30, 2025"
Al Daham,1353,"Sep 29, 2025"
GRASSE PERFUME,1346,"Sep 29, 2025"
Reef Perfumes,1341,"Aug 29, 2025"
American Eagle,1133,"Sep 28, 2025"
Victoria Secret,1208,"Sep 27, 2025"
Baytonia,1293,"Sep 27, 2025"
Footlocker,1160,"Sep 27, 2025"
Pottery Barn,1176,"Sep 27, 2025"
Osma,1342,"Aug 24, 2025"
Waya,1254,"Sep 23, 2025"
The Body Shop West KSA & UAE,1182,"Sep 18, 2025"
Dabdoob,1329,"Sep 15, 2025"
Under Armour,1103,"Sep 12, 2025"
Cartlow,1279,"Sep 8, 2025"
AloKozay,1327,"Sep 6, 2025"
MyProtein,1209,"Aug 26, 2025"
NowNow,1323,"Aug 23, 2025"
KenzWoman,1326,"Aug 19, 2025"
FNP,1314,"Jul 29, 2025"
KADI Boutique,1288,"Jul 3, 2025"
Cicabelle,1318,"Jun 11, 2025"
StoreUs,1321,"Apr 11, 2025"
HomzMart,1316,"Jan 18, 2025"
Go Sport,1284,"Dec 3, 2024"